{
    "0": {
        "precision": 0.8823529411764706,
        "recall": 0.8823529411764706,
        "f1-score": 0.8823529411764706,
        "support": 17.0
    },
    "1": {
        "precision": 0.8571428571428571,
        "recall": 0.8571428571428571,
        "f1-score": 0.8571428571428571,
        "support": 14.0
    },
    "accuracy": 0.8709677419354839,
    "macro avg": {
        "precision": 0.8697478991596639,
        "recall": 0.8697478991596639,
        "f1-score": 0.8697478991596639,
        "support": 31.0
    },
    "weighted avg": {
        "precision": 0.8709677419354839,
        "recall": 0.8709677419354839,
        "f1-score": 0.8709677419354839,
        "support": 31.0
    }
}