{
    "train_shape": [
        242,
        14
    ],
    "val_shape": [
        30,
        14
    ],
    "test_shape": [
        31,
        14
    ],
    "columns": [
        "age",
        "trestbps",
        "chol",
        "thalach",
        "oldpeak",
        "sex",
        "cp",
        "fbs",
        "restecg",
        "exang",
        "slope",
        "ca",
        "thal",
        "target"
    ],
    "dtypes": {
        "age": "float64",
        "trestbps": "float64",
        "chol": "float64",
        "thalach": "float64",
        "oldpeak": "float64",
        "sex": "float64",
        "cp": "float64",
        "fbs": "float64",
        "restecg": "float64",
        "exang": "float64",
        "slope": "float64",
        "ca": "float64",
        "thal": "float64",
        "target": "int64"
    },
    "missing_values": {
        "age": 0,
        "trestbps": 0,
        "chol": 0,
        "thalach": 0,
        "oldpeak": 0,
        "sex": 0,
        "cp": 0,
        "fbs": 0,
        "restecg": 0,
        "exang": 0,
        "slope": 0,
        "ca": 0,
        "thal": 0,
        "target": 0
    },
    "describe": {
        "age": {
            "count": 242.0,
            "mean": -2.1286920802730275e-16,
            "std": 1.0020725410834093,
            "min": -2.8456812213462417,
            "25%": -0.7294848351663907,
            "50%": 0.1615452221724938,
            "75%": 0.7184390080092967,
            "max": 2.500499122687066
        },
        "trestbps": {
            "count": 242.0,
            "mean": -3.7802635218641696e-16,
            "std": 1.0020725410834095,
            "min": -2.101584280807036,
            "25%": -0.6231441762858074,
            "50%": -0.0545133668545657,
            "75%": 0.514117442576676,
            "max": 3.925902299164126
        },
        "chol": {
            "count": 242.0,
            "mean": 1.4680635036365707e-16,
            "std": 1.0020725410834093,
            "min": -2.3482092920817026,
            "25%": -0.7174931591842286,
            "50%": -0.1012341554729739,
            "75%": 0.5292462098623867,
            "max": 5.957065896396131
        },
        "thalach": {
            "count": 242.0,
            "mean": -7.340317518182853e-18,
            "std": 1.0020725410834093,
            "min": -3.4878294192338064,
            "25%": -0.6830005592533833,
            "50%": 0.1562395720793415,
            "75%": 0.7083712374298184,
            "max": 2.298510433639192
        },
        "oldpeak": {
            "count": 242.0,
            "mean": -1.2845555656819993e-17,
            "std": 1.0020725410834095,
            "min": -0.8916273498556132,
            "25%": -0.8916273498556132,
            "50%": -0.1777354766875126,
            "75%": 0.536156396480588,
            "max": 4.641034667197166
        },
        "sex": {
            "count": 242.0,
            "mean": 0.6818181818181818,
            "std": 0.4667358178364419,
            "min": 0.0,
            "25%": 0.0,
            "50%": 1.0,
            "75%": 1.0,
            "max": 1.0
        },
        "cp": {
            "count": 242.0,
            "mean": 0.7176308539944904,
            "std": 0.3251718524303829,
            "min": 0.0,
            "25%": 0.4166666666666667,
            "50%": 0.6666666666666667,
            "75%": 1.0,
            "max": 1.0
        },
        "fbs": {
            "count": 242.0,
            "mean": 0.1446280991735537,
            "std": 0.3524544438289793,
            "min": 0.0,
            "25%": 0.0,
            "50%": 0.0,
            "75%": 0.0,
            "max": 1.0
        },
        "restecg": {
            "count": 242.0,
            "mean": 0.4896694214876033,
            "std": 0.49989282483596975,
            "min": 0.0,
            "25%": 0.0,
            "50%": 0.0,
            "75%": 1.0,
            "max": 1.0
        },
        "exang": {
            "count": 242.0,
            "mean": 0.32644628099173556,
            "std": 0.46988452630050603,
            "min": 0.0,
            "25%": 0.0,
            "50%": 0.0,
            "75%": 1.0,
            "max": 1.0
        },
        "slope": {
            "count": 242.0,
            "mean": 0.29338842975206614,
            "std": 0.3066985320719965,
            "min": 0.0,
            "25%": 0.0,
            "50%": 0.5,
            "75%": 0.5,
            "max": 1.0
        },
        "ca": {
            "count": 242.0,
            "mean": 0.2024793388429752,
            "std": 0.2941778766844801,
            "min": 0.0,
            "25%": 0.0,
            "50%": 0.0,
            "75%": 0.3333333333333333,
            "max": 1.0
        },
        "thal": {
            "count": 242.0,
            "mean": 0.42665289256198347,
            "std": 0.4869056706678696,
            "min": 0.0,
            "25%": 0.0,
            "50%": 0.0,
            "75%": 1.0,
            "max": 1.0
        },
        "target": {
            "count": 242.0,
            "mean": 0.45867768595041325,
            "std": 0.4993222662350523,
            "min": 0.0,
            "25%": 0.0,
            "50%": 0.0,
            "75%": 1.0,
            "max": 1.0
        }
    },
    "target_distribution_train": {
        "0": 131,
        "1": 111
    },
    "target_distribution_val": {
        "0": 16,
        "1": 14
    },
    "target_distribution_test": {
        "0": 17,
        "1": 14
    },
    "numeric_features": [
        "age",
        "trestbps",
        "chol",
        "thalach",
        "oldpeak"
    ],
    "categorical_features": [
        "sex",
        "cp",
        "fbs",
        "restecg",
        "exang",
        "slope",
        "ca",
        "thal"
    ]
}